Mbinned,Rbinned,loc,scale,invdeg,skew
89926995656948.4,0.25,0.042792966404311635,0.7090469158754044,0.051247445374124685,0.1039754783742271
89926995656948.4,0.75,-0.08111057985472565,0.6054428594836433,0.026361029085391455,0.018951223785676957
89926995656948.4,1.25,-0.09248720523453176,0.48009354038775254,0.03247730742653995,-0.030523615796134256
89926995656948.4,1.75,-0.32401624743484486,0.4582380839272398,0.058156974090337585,0.22174553679632467
89926995656948.4,2.25,-0.38260395347153414,0.44634647435862873,0.14650666703423984,0.09761363462803582
89926995656948.4,2.75,-0.3157696098587653,0.4212513958809574,0.1937597793261132,-0.00782516758914946
89926995656948.4,3.25,-0.22089172935200285,0.4306031731050085,0.19369120955755192,-0.02921337958398436
89926995656948.4,3.75,-0.1617590418054761,0.4245655641316464,0.17038757346092148,-0.07796094441845686
89926995656948.4,4.25,-0.027445558147340877,0.4190303560867868,0.17914568445508583,0.07659613694625547
89926995656948.4,4.75,-0.0007249852364801107,0.4220493823390844,0.19369120955755192,-0.060799015062143136
89926995656948.4,5.25,0.09605274365937652,0.420056905211261,0.2001900846007858,-0.025783372374775924
89926995656948.4,5.75,0.11866045425504299,0.4167578603703397,0.16693599126071573,-0.09637080722040982
89926995656948.4,6.25,0.19383096107370645,0.4186125390977603,0.164914098664799,-0.08006742871748856
89926995656948.4,6.75,0.2340502770211913,0.4108476196809969,0.16125384402263843,-0.17938449073104049
89926995656948.4,7.25,0.27143771705795633,0.4106685357159685,0.1216175808848961,-0.23193377909873594
89926995656948.4,7.75,0.3443656276425342,0.4115171154372955,0.16215444266648768,-0.12367302853106382
89926995656948.4,8.25,0.4328418991913313,0.42010100568757014,0.16677151981784918,-0.10024128386358075
89926995656948.4,8.75,0.47387594665446764,0.4184745769748893,0.16710267143224242,-0.12233167804373957
89926995656948.4,9.25,0.5052900305326349,0.4210293083026983,0.15350135203336981,-0.1638643140897872
89926995656948.4,9.75,0.5613809405062187,0.4288868288809842,0.1414407070863198,-0.23460444335528585
89926995656948.4,10.25,0.598240997351123,0.4233168497497163,0.11913523150701921,-0.22155709335292909
89926995656948.4,10.75,0.6959781030568308,0.4112641757336325,0.15063915691206278,-0.0802112021138204
89926995656948.4,11.25,0.7507800059882266,0.41943347806485687,0.14238729356728272,-0.1148656048626369
89926995656948.4,11.75,0.7962065713453964,0.427666364933877,0.1216175808848961,-0.1524525743851584
89926995656948.4,12.25,0.8864660378187397,0.424623250461259,0.1724160037520661,-0.04998495944992101
89926995656948.4,12.75,0.9081441843598435,0.42799701027124326,0.1179450156495289,-0.25125753498424064
89926995656948.4,13.25,0.9442719099991581,0.4327041779849591,0.14608825860445654,-0.1537213808751181
89926995656948.4,13.75,1.0281162486576123,0.4337442003264126,0.13924186028295124,-0.08852463154109161
89926995656948.4,14.25,1.0617247001729284,0.42715479930495376,0.14865893738705616,-0.1286458475975586
89926995656948.4,14.75,1.1357370760551193,0.4377923069352108,0.13718312557439657,-0.05472586188878421
89926995656948.4,15.25,1.1632956777557144,0.45994801930987655,0.10462861729376707,-0.11050895746496332
89926995656948.4,15.75,1.2012036584259154,0.44468334911080143,0.11755173734669921,-0.15992191866563507
89926995656948.4,16.25,1.2582833290208866,0.44140960211286023,0.10239382593862599,-0.19478041947296013
89926995656948.4,16.75,1.3312324751115892,0.44384683912315687,0.11571781181323301,-0.15151123060365412
89926995656948.4,17.25,1.3625145488271893,0.44820480341245483,0.11907561843626793,-0.16538436450401195
89926995656948.4,17.75,1.413863640041637,0.4533382766266395,0.11882108725609108,-0.15614693952253292
89926995656948.4,18.25,1.4837093131553507,0.44142730384543216,0.1216175808848961,-0.10163121839781848
89926995656948.4,18.75,1.540964160244033,0.4466861452684888,0.1216175808848961,-0.11055272996626908
89926995656948.4,19.25,1.574186083951415,0.45987080407702374,0.11550897746823571,-0.08491722528593096
89926995656948.4,19.75,1.6297400486635596,0.4670435249889311,0.09869793944646307,-0.13315856692094072
158481972805581.72,0.25,0.00028083121528186704,0.6872538751776999,0.04666615860180673,-0.02412707735518579
158481972805581.72,0.75,-0.0913487337206889,0.5862719629409647,0.03134721094461382,0.07898307273305312
158481972805581.72,1.25,-0.12300956784450923,0.4816516468575682,0.041170318794175084,-0.11837481295798426
158481972805581.72,1.75,-0.3898639455631054,0.4485351605537991,0.06169014299331251,0.2748887943317212
158481972805581.72,2.25,-0.41356117133487263,0.4231782945740452,0.13156898895030772,0.0488307648509423
158481972805581.72,2.75,-0.33028634560830333,0.41833577218907053,0.1792925332136395,-0.04917246637829384
158481972805581.72,3.25,-0.26106012337666534,0.4176725065988779,0.17548160439113086,-0.08051951452905703
158481972805581.72,3.75,-0.19239899079589573,0.4241312622515035,0.19369120955755192,-0.10078596387977881
158481972805581.72,4.25,-0.07105820637302072,0.41700938087474926,0.16573311398858853,-0.08714666800277518
158481972805581.72,4.75,-0.023395076216822307,0.40487909313510684,0.1216175808848961,-0.1382543902829471
158481972805581.72,5.25,0.053751418165964626,0.3916709776545036,0.1366969751528841,-0.09376275776873805
158481972805581.72,5.75,0.1239700913464997,0.4607836424467269,0.13154700517405626,-0.09446250553522322
158481972805581.72,6.25,0.17758407157486156,0.40136698511205826,0.1444131791008743,-0.11609208001968835
158481972805581.72,6.75,0.24724343433394774,0.38802215096024506,0.13389575436388174,-0.1084372271543961
158481972805581.72,7.25,0.3196591544680647,0.3878593286565439,0.1245945568646835,-0.10708119992872
158481972805581.72,7.75,0.3764441863121554,0.45983544309150604,0.13912832891100288,-0.07690849505614869
158481972805581.72,8.25,0.40404128663789185,0.40019495666728433,0.12067172354247249,-0.17195923680536793
158481972805581.72,8.75,0.4343117624589062,0.3847569333609723,0.13223363886388043,-0.19824698685865952
158481972805581.72,9.25,0.49780595748221856,0.3915385067167056,0.1343495114123282,-0.23370729772479196
158481972805581.72,9.75,0.6053142371293282,0.3892537545164183,0.13367341795130994,-0.08257389174295009
158481972805581.72,10.25,0.6583323361441512,0.40018621614798644,0.12463612486044899,-0.12575676647185793
158481972805581.72,10.75,0.6651303618684353,0.40025776269413244,0.12427966074002653,-0.24322730496980083
158481972805581.72,11.25,0.7315291586870485,0.3992821920633321,0.11919832479859611,-0.23370729772479187
158481972805581.72,11.75,0.8362965879279946,0.45994801930987655,0.09563409204505326,-0.05592515530793303
158481972805581.72,12.25,0.8645623168011183,0.38636480963288855,0.13221007014588945,-0.08847760452926827
158481972805581.72,12.75,0.9249665646830212,0.3969604860427605,0.0771069624940936,-0.13817785540880417
158481972805581.72,13.25,0.953940885507022,0.3841310038440343,0.13216862767985518,-0.1579921787938613
158481972805581.72,13.75,1.0524525012619197,0.38031912417706965,0.12008444544879203,-0.11472097706868331
158481972805581.72,14.25,1.09085101753044,0.3913510721207998,0.13125467298794566,-0.08992111968871598
158481972805581.72,14.75,1.1437004934402626,0.46185743106624033,0.11498565253869239,-0.21659005467112136
158481972805581.72,15.25,1.2035145002950696,0.4613104128880005,0.14649636123917958,-0.08886491142201407
158481972805581.72,15.75,1.2495391298158547,0.39975231227182995,0.1266905865942691,-0.1314858055169069
158481972805581.72,16.25,1.3411631147138414,0.4007629816272463,0.12132121473960762,-0.046759234021872334
158481972805581.72,16.75,1.342579235162385,0.40211016389558396,0.10198984567932917,-0.23108803854004256
158481972805581.72,17.25,1.4225179812875202,0.4049977315280793,0.08660613274627735,-0.09327544149177078
158481972805581.72,17.75,1.4703910644355827,0.40209131241122353,0.12268576607696242,-0.0743719336544562
158481972805581.72,18.25,1.5058852539916725,0.4062336765418187,0.12237889115705634,-0.12993377164353545
158481972805581.72,18.75,1.58554116631435,0.4048296510251932,0.11775587425532942,-0.1369371815989679
158481972805581.72,19.25,1.6239552684510632,0.4025062641580499,0.12166395031416431,-0.10899908978750175
158481972805581.72,19.75,1.6700930166651338,0.4087873604664059,0.12645057013243732,-0.09008045609339241
279299175079340.56,0.25,-0.03810753027904968,0.6918499379751523,0.07804829819437165,-0.03702643571726884
279299175079340.56,0.75,-0.07555854136252012,0.5706151989163294,0.06111026614752328,-0.04251343043235992
279299175079340.56,1.25,-0.09395755257414536,0.4581382446864042,0.023362592797646256,-0.12767898388583798
279299175079340.56,1.75,-0.4210457173033894,0.40975729576974923,0.0428234092016709,0.23315283123228794
279299175079340.56,2.25,-0.39321105076276025,0.39056557492677524,0.11161351199704372,0.2344742822117835
279299175079340.56,2.75,-0.32695548668979363,0.3777002620619437,0.12398100408944247,0.01446889336345956
279299175079340.56,3.25,-0.233829338283458,0.3628851286761592,0.12135796082630186,-0.04211322697639936
279299175079340.56,3.75,-0.16133370248972087,0.3587321171579949,0.11724152177377722,-0.10365608117262312
279299175079340.56,4.25,-0.08795308400920177,0.35882791299609157,0.1279553821993254,-0.1352368108118004
279299175079340.56,4.75,-0.01834162429173149,0.35048024705483627,0.11110218017630527,-0.06316413000106907
279299175079340.56,5.25,0.027351062236579356,0.3460576807462678,0.11256229026323526,-0.12948173964701737
279299175079340.56,5.75,0.09923644592175879,0.33522012834872983,0.13209150798433633,-0.11187730628126567
279299175079340.56,6.25,0.16783852086621334,0.3443250825554436,0.1435109951737998,-0.1433568586568789
279299175079340.56,6.75,0.2535705986424017,0.2873959115403708,0.13861751483337215,-0.13696468961629094
279299175079340.56,7.25,0.3069627254065645,0.33740129464703944,0.1388675067553846,-0.12808668877644525
279299175079340.56,7.75,0.36590651893559306,0.3372932392029943,0.1387986435263055,-0.05968476751284308
279299175079340.56,8.25,0.41484726464544874,0.3399460678627546,0.1355312977440127,-0.1336665512051109
279299175079340.56,8.75,0.4581722890139471,0.3366684738444708,0.13403164770407955,-0.14505053331930073
279299175079340.56,9.25,0.5260452438999466,0.2878679636116282,0.17142540518804117,-0.12034049097734126
279299175079340.56,9.75,0.577192750959628,0.34687808654343016,0.1216175808848961,-0.1430887241423614
279299175079340.56,10.25,0.6548243184718896,0.33908325165430275,0.11235203574742239,-0.1216256571307312
279299175079340.56,10.75,0.7024415343225479,0.3396372401956352,0.10642558256556076,-0.09024302458062355
279299175079340.56,11.25,0.7565872068586289,0.34812657000338226,0.12282608393344381,-0.05356355446055416
279299175079340.56,11.75,0.803700649236818,0.35123901116331446,0.09051965679182974,-0.19201026134397917
279299175079340.56,12.25,0.9053103814607185,0.3458462707001324,0.10865681645363358,-0.06237425129610076
279299175079340.56,12.75,0.9442719099991588,0.34969570015490936,0.12127267815461115,-0.10144376528855464
279299175079340.56,13.25,0.9732768025002216,0.3448444619262382,0.12195809808772051,-0.12084725355657101
279299175079340.56,13.75,1.0300744855846777,0.3503250963768821,0.12348150698622973,-0.11530882588268254
279299175079340.56,14.25,1.0914550018145275,0.3419979442358335,0.06769522628014844,-0.13248787890571753
279299175079340.56,14.75,1.1498821987003622,0.3484242601855271,0.11672846891631147,-0.13344071761742962
279299175079340.56,15.25,1.1958709528783664,0.35487351961651153,0.09374016676150296,-0.07483725009200853
279299175079340.56,15.75,1.2394120359529655,0.35301590666278254,0.093592598730083,-0.12287399072007081
279299175079340.56,16.25,1.2979469104875105,0.34968557735632516,0.08857009422133408,-0.08906768957750114
279299175079340.56,16.75,1.3370376381096334,0.34609175507214107,0.09734524161442792,-0.11601449426767028
279299175079340.56,17.25,1.382082875485958,0.34821905274057,0.07415088064300993,-0.12154255994131466
279299175079340.56,17.75,1.4206160916939568,0.3499610509691226,0.06446893060350244,-0.23370729772479193
279299175079340.56,18.25,1.4925076251959573,0.35738648456849215,0.08513976347625056,-0.09882070679812072
279299175079340.56,18.75,1.5666064767447039,0.3583119352395931,0.08448845886355177,-0.11150758279778325
279299175079340.56,19.25,1.6094596180086829,0.3551135797705773,0.06128384243998816,-0.12536566035130076
279299175079340.56,19.75,1.6584092184474017,0.3630716862017869,0.06456878951862859,-0.10607165341674901
492220205358604.06,0.25,0.014093519649072288,0.6271663460578634,0.0407512057353546,-0.02488421793671996
492220205358604.06,0.75,-0.07799484628762587,0.5518107979443109,0.04715836217454956,-0.0571290810937921
492220205358604.06,1.25,-0.2806434673897113,0.4445225304505536,0.026934127938522786,0.23300263269026716
492220205358604.06,1.75,-0.5081579153804131,0.3897134117972425,0.08300451387859108,0.29631768047296353
492220205358604.06,2.25,-0.45513949418908284,0.34798732314714426,0.14228159348247607,0.135658708414936
492220205358604.06,2.75,-0.3398840247613444,0.3286247236255526,0.09795632869880898,0.020521846327907947
492220205358604.06,3.25,-0.2509657758895374,0.32705749460983463,0.08801244943009524,0.023370271455027146
492220205358604.06,3.75,-0.1592407504683226,0.3265836200778749,0.16649340690863235,0.0034928851190543647
492220205358604.06,4.25,-0.10439031916474543,0.33717982359507787,0.16641568149169786,-0.05178173517406272
492220205358604.06,4.75,-0.049079360462244,0.32729547262958486,0.13463514792509396,-0.07002351028081766
492220205358604.06,5.25,0.029010356362036548,0.31339425688640676,0.12165407598098345,-0.09965269988097575
492220205358604.06,5.75,0.10658487891459473,0.3062590546424208,0.13138565582264294,-0.12465086200098968
492220205358604.06,6.25,0.17684126262789066,0.3167089825342922,0.12819460568562446,-0.13898377457932531
492220205358604.06,6.75,0.23817060235827622,0.30605348397084814,0.12161672706088374,-0.18021285484728788
492220205358604.06,7.25,0.32144369834633996,0.29369787915993195,0.10848519401277479,-0.08648527966084849
492220205358604.06,7.75,0.38211290250706437,0.2969790355090015,0.12554860983602723,-0.10417242754850992
492220205358604.06,8.25,0.44818726161322076,0.28814329848940606,0.11261103336624033,-0.08616983557895969
492220205358604.06,8.75,0.5093527972209841,0.2888689840119883,0.08911471557088552,-0.0943669570598626
492220205358604.06,9.25,0.5493947542952011,0.296465429857702,0.1216175808848961,-0.05345488107079013
492220205358604.06,9.75,0.5839764735112678,0.2972132824005867,0.09578208564185092,-0.1546416271565998
492220205358604.06,10.25,0.6377025567365716,0.30160253038197404,0.11648184286225682,-0.23227085579227547
492220205358604.06,10.75,0.7098955442928875,0.2890679642279525,0.07895738618292913,-0.10795571186349924
492220205358604.06,11.25,0.7595167925479186,0.28900713862395233,0.06715654480614988,-0.23370729772479193
492220205358604.06,11.75,0.8344298962602281,0.29328467836564365,0.12185416254344388,-0.0678787391574061
492220205358604.06,12.25,0.8929556510176295,0.2895243677429857,0.09550550700850603,-0.07308204601313445
492220205358604.06,12.75,0.9442719099991586,0.2875333830295416,0.10340303658250741,-0.0952622574626787
492220205358604.06,13.25,1.0160311404401623,0.296433903242652,0.09611425026092565,-0.038536618402826454
492220205358604.06,13.75,1.0691016025983884,0.2896715796772507,0.13072223325348545,-0.055365809170076066
492220205358604.06,14.25,1.1334612043219359,0.28853181154793667,0.12399033173427126,-0.014616139267066237
492220205358604.06,14.75,1.1594442309641004,0.2902960660882004,0.1222091021710934,-0.08180734369377499
492220205358604.06,15.25,1.237839242690067,0.28742512329892045,0.09236440179911355,-0.010399158000515867
492220205358604.06,15.75,1.2750712984528347,0.2860858933799818,0.11523627064418543,-0.034101055164853705
492220205358604.06,16.25,1.3456001162277471,0.28532407555712835,0.11861830659912631,-0.030105380160868857
492220205358604.06,16.75,1.383509300086145,0.29222396611950435,0.11396637380604834,-0.06007995620364293
492220205358604.06,17.25,1.4487440300635297,0.2912892473828617,0.10688943749612378,-0.12662787205463688
492220205358604.06,17.75,1.4826672103448877,0.2879207795473629,0.07665937784091763,0.0044428078021197
492220205358604.06,18.25,1.545347342317956,0.2876215078438011,0.1216175808848961,0.03582374094240983
492220205358604.06,18.75,1.6127875281242774,0.29521389218899236,0.1258782907201164,0.04577708792975553
492220205358604.06,19.25,1.6608713523097909,0.28808316910419773,0.1026860748376963,0.056451797836555496
492220205358604.06,19.75,1.7134992660768211,0.28822951334706154,0.08988639283262531,0.036586907299555264
867459527921776.1,0.25,-0.002141650435408677,0.6352198969211578,0.022643702944882774,0.06566076928023631
867459527921776.1,0.75,0.041818655213700894,0.4698250019301254,0.043715408069757294,0.21607427510454244
867459527921776.1,1.25,0.011141394195679654,0.3459586041348498,0.049838971699486,-0.06493460320772808
867459527921776.1,1.75,-0.5511359108048701,0.2916854796175928,0.061200148042070614,0.375906516527714
867459527921776.1,2.25,-0.3646451973229589,0.2582194223992274,0.12018527495913275,0.8747104097658693
867459527921776.1,2.75,-0.3061952904005597,0.2364877629519783,0.30622270912042193,0.2681297363234065
867459527921776.1,3.25,-0.20129553186328258,0.2209369564282836,0.2604981772814222,0.22331310193423792
867459527921776.1,3.75,-0.10458964547410426,0.2082696239007556,0.25916315711066684,0.20895215100795422
867459527921776.1,4.25,0.051047641144560535,0.23208247679234337,0.18527718468551183,0.5087757366454201
867459527921776.1,4.75,0.07367442991691879,0.22001023210565956,0.24585511408729904,0.19268977905033868
867459527921776.1,5.25,0.12911999190386278,0.21349221652798875,0.19664181982339263,0.07611125923325901
867459527921776.1,5.75,0.19795138846973737,0.23280867705378858,0.22117388824943263,0.030697681897465086
867459527921776.1,6.25,0.2800325746226065,0.21626296205840334,0.18170316002376016,0.0742225251145412
867459527921776.1,6.75,0.24795346876070162,0.23579501023480637,0.12165091452508792,-0.4463617105081425
867459527921776.1,7.25,0.3485262310166861,0.2189137363673806,0.1561508956959838,-0.16698385995566667
867459527921776.1,7.75,0.39174409402671195,0.21758264724563608,0.1839501749509107,-0.2337072977247919
867459527921776.1,8.25,0.45963589293776097,0.20536609628514774,0.1216175808848961,-0.23391702059974406
867459527921776.1,8.75,0.5307298312316152,0.2103123071320952,0.17882625056473084,-0.10544593779928074
867459527921776.1,9.25,0.5861202123728685,0.1938306385904109,0.1600629794908225,-0.03065641742376069
867459527921776.1,9.75,0.5825323959673794,0.1930998594507934,0.117738854264032,-0.2568486545487082
867459527921776.1,10.25,0.7167282900309275,0.18977182652763647,0.05335049398886899,-0.028546329409063445
867459527921776.1,10.75,0.7544545695024634,0.18714270739653724,0.1263091265375008,-0.08005453936054431
867459527921776.1,11.25,0.8119656530388937,0.19313985434388553,0.13410124714235777,-0.06921531572054306
867459527921776.1,11.75,0.8637425628447266,0.20192415987639872,0.14032009853969307,-0.061190531158903924
867459527921776.1,12.25,0.9068421073091794,0.20700897463433232,0.15654760523883327,-0.11135114483884453
867459527921776.1,12.75,0.9442719099991582,0.21890173298444754,0.17096405784253157,-0.1222834027432954
867459527921776.1,13.25,1.0354420791909476,0.20519504600703845,0.11051228639813857,-0.015601045350267575
867459527921776.1,13.75,1.0876212020751517,0.20043792362739188,0.1235951988126784,0.008662768835117192
867459527921776.1,14.25,1.1436506475423125,0.21126164359783023,0.08412750185929421,0.04873875505060003
867459527921776.1,14.75,1.1979384866708287,0.20305766558525915,0.11051603946562853,-0.01747751428299242
867459527921776.1,15.25,1.2515955199829059,0.2107483581308702,0.12434380211769357,0.024285237072699008
867459527921776.1,15.75,1.288989342208444,0.20862290624568325,0.1416095014302422,-0.038756589356985886
867459527921776.1,16.25,1.372605600052505,0.22743165183372213,0.12470270698584622,0.10444455323239586
867459527921776.1,16.75,1.4245026157596643,0.23448820593421427,0.12419258094412895,0.10532207684255943
867459527921776.1,17.25,1.4442707632742624,0.2365618064661742,0.11602354732200668,0.047698937968559445
867459527921776.1,17.75,1.4906367854751348,0.23705951288361407,0.09806554935330646,0.043349663246252355
867459527921776.1,18.25,1.5474122833438886,0.23479570178867828,0.06843406016900958,0.1136638741334034
867459527921776.1,18.75,1.5903622922465632,0.23300176321280033,0.11744181703033062,0.015910698864419072
867459527921776.1,19.25,1.669398305326622,0.2598082399856421,0.1216175808848961,0.056550172606998766
867459527921776.1,19.75,1.7087616421304785,0.2553432373797498,0.1600217931395717,0.15552535167893616
